{"cameraMode":{"drawMode":0,"name":"Shaded","section":"Shading Mode"},"sceneLighting":false,"audioPlay":false,"sceneViewState":{"showFog":true,"showMaterialUpdate":false,"showSkybox":true,"showFlares":true,"showImageEffects":true,"showParticleSystems":true},"in2DMode":false,"pivot":{"x":0.6039111614227295,"y":1.4353442192077637,"z":0.23586979508399964},"rotation":{"x":-0.3472104072570801,"y":-0.4674878716468811,"z":0.20643074810504914,"w":-0.7863118648529053},"size":1.6825652122497559,"orthographic":false}