{"cameraMode":{"drawMode":0,"name":"Shaded","section":"Shading Mode"},"sceneLighting":false,"audioPlay":false,"sceneViewState":{"showFog":true,"showMaterialUpdate":false,"showSkybox":true,"showFlares":true,"showImageEffects":true,"showParticleSystems":true},"in2DMode":false,"pivot":{"x":0.005492895841598511,"y":-0.03165607154369354,"z":-0.05563266575336456},"rotation":{"x":-0.08481556922197342,"y":0.613544762134552,"z":-0.06652159988880158,"w":-0.7822685837745667},"size":0.5078511238098145,"orthographic":false}