{"cameraMode":{"drawMode":0,"name":"Shaded","section":"Shading Mode"},"sceneLighting":false,"audioPlay":false,"sceneViewState":{"showFog":true,"showMaterialUpdate":false,"showSkybox":true,"showFlares":true,"showImageEffects":true,"showParticleSystems":true},"in2DMode":false,"pivot":{"x":-0.1581590175628662,"y":-1.4006047248840333,"z":-2.8028483390808107},"rotation":{"x":-0.08481556922197342,"y":0.613544762134552,"z":-0.06652159988880158,"w":-0.7822685837745667},"size":19.429553985595704,"orthographic":false}