{"cameraMode":{"drawMode":0,"name":"Shaded","section":"Shading Mode"},"sceneLighting":false,"audioPlay":false,"sceneViewState":{"showFog":true,"showMaterialUpdate":false,"showSkybox":true,"showFlares":true,"showImageEffects":true,"showParticleSystems":true},"in2DMode":false,"pivot":{"x":-0.07956811785697937,"y":0.6134243607521057,"z":0.21994632482528687},"rotation":{"x":-0.2951832115650177,"y":-0.2148391604423523,"z":0.06830547749996185,"w":-0.9284640550613403},"size":0.997748076915741,"orthographic":false}