{"cameraMode":{"drawMode":0,"name":"Shaded","section":"Shading Mode"},"sceneLighting":false,"audioPlay":false,"sceneViewState":{"showFog":true,"showMaterialUpdate":false,"showSkybox":true,"showFlares":true,"showImageEffects":true,"showParticleSystems":true},"in2DMode":false,"pivot":{"x":-0.36899998784065249,"y":0.10899999737739563,"z":-0.07500000298023224},"rotation":{"x":-0.13280895352363587,"y":-0.1607036590576172,"z":0.02182791754603386,"w":-0.9777830243110657},"size":0.1428942084312439,"orthographic":false}