{"cameraMode":{"drawMode":0,"name":"Shaded","section":"Shading Mode"},"sceneLighting":true,"audioPlay":false,"sceneViewState":{"showFog":true,"showMaterialUpdate":false,"showSkybox":true,"showFlares":true,"showImageEffects":true,"showParticleSystems":true},"in2DMode":false,"pivot":{"x":0.009187012910842896,"y":0.7845211029052734,"z":0.07092711329460144},"rotation":{"x":-0.38309022784233096,"y":0.32191693782806399,"z":-0.14446084201335908,"w":-0.8536641597747803},"size":0.7245208621025086,"orthographic":false}