{"cameraMode":{"drawMode":0,"name":"Shaded","section":"Shading Mode"},"sceneLighting":false,"audioPlay":false,"sceneViewState":{"showFog":true,"showMaterialUpdate":false,"showSkybox":true,"showFlares":true,"showImageEffects":true,"showParticleSystems":true},"in2DMode":false,"pivot":{"x":0.0,"y":-0.17000000178813935,"z":0.33799999952316286},"rotation":{"x":-0.10627984255552292,"y":-0.018790189176797868,"z":0.002008796436712146,"w":-0.9941566586494446},"size":4.24523401260376,"orthographic":false}