{"cameraMode":{"drawMode":0,"name":"Shaded","section":"Shading Mode"},"sceneLighting":false,"audioPlay":false,"sceneViewState":{"showFog":true,"showMaterialUpdate":false,"showSkybox":true,"showFlares":true,"showImageEffects":true,"showParticleSystems":true},"in2DMode":false,"pivot":{"x":-0.09999996423721314,"y":10.0,"z":8.279999732971192},"rotation":{"x":-0.15761396288871766,"y":0.33397597074508669,"z":-0.056748684495687488,"w":-0.9275761842727661},"size":11.447487831115723,"orthographic":false}