{"cameraMode":{"drawMode":0,"name":"Shaded","section":"Shading Mode"},"sceneLighting":false,"audioPlay":false,"sceneViewState":{"showFog":true,"showMaterialUpdate":false,"showSkybox":true,"showFlares":true,"showImageEffects":true,"showParticleSystems":true},"in2DMode":false,"pivot":{"x":0.010716557502746582,"y":0.041318029165267947,"z":0.3171696960926056},"rotation":{"x":-0.08481556922197342,"y":0.613544762134552,"z":-0.06652159988880158,"w":-0.7822685837745667},"size":22.0,"orthographic":false}