{"cameraMode":{"drawMode":0,"name":"Shaded","section":"Shading Mode"},"sceneLighting":false,"audioPlay":false,"sceneViewState":{"showFog":true,"showMaterialUpdate":true,"showSkybox":true,"showFlares":true,"showImageEffects":true,"showParticleSystems":true},"in2DMode":false,"pivot":{"x":2.2092864513397219,"y":3.3935937881469728,"z":0.09754562377929688},"rotation":{"x":0.2261950671672821,"y":0.13392817974090577,"z":-0.031414613127708438,"w":0.9643195867538452},"size":21.77669334411621,"orthographic":false}