{"cameraMode":{"drawMode":0,"name":"Shaded","section":"Shading Mode"},"sceneLighting":false,"audioPlay":false,"sceneViewState":{"showFog":true,"showMaterialUpdate":false,"showSkybox":true,"showFlares":true,"showImageEffects":true,"showParticleSystems":true},"in2DMode":false,"pivot":{"x":239.7406005859375,"y":322.87445068359377,"z":-3.81512451171875},"rotation":{"x":-0.009309420362114907,"y":0.012596497312188149,"z":-0.00011721565533662215,"w":-0.9998773336410523},"size":377.9181823730469,"orthographic":false}