{"cameraMode":{"drawMode":0,"name":"Shaded","section":"Shading Mode"},"sceneLighting":false,"audioPlay":false,"sceneViewState":{"showFog":true,"showMaterialUpdate":false,"showSkybox":true,"showFlares":true,"showImageEffects":true,"showParticleSystems":true},"in2DMode":false,"pivot":{"x":0.0,"y":0.3499999940395355,"z":-0.11100000143051148},"rotation":{"x":0.234707772731781,"y":-0.08734660595655441,"z":0.02118094451725483,"w":0.9679020047187805},"size":1.1744303703308106,"orthographic":false}