{"cameraMode":{"drawMode":0,"name":"Shaded","section":"Shading Mode"},"sceneLighting":false,"audioPlay":false,"sceneViewState":{"showFog":true,"showMaterialUpdate":false,"showSkybox":true,"showFlares":true,"showImageEffects":true,"showParticleSystems":true},"in2DMode":false,"pivot":{"x":-0.018999993801116945,"y":-0.2529999911785126,"z":0.15799996256828309},"rotation":{"x":-0.17923113703727723,"y":0.2753717303276062,"z":-0.052335016429424289,"w":-0.9430311322212219},"size":1.6334171295166016,"orthographic":false}