{"cameraMode":{"drawMode":0,"name":"Shaded","section":"Shading Mode"},"sceneLighting":false,"audioPlay":false,"sceneViewState":{"showFog":true,"showMaterialUpdate":false,"showSkybox":true,"showFlares":true,"showImageEffects":true,"showParticleSystems":true},"in2DMode":false,"pivot":{"x":-0.20952078700065614,"y":6.898799419403076,"z":8.263398170471192},"rotation":{"x":-0.2810851037502289,"y":0.09910493344068527,"z":-0.029196718707680703,"w":-0.9541053175926209},"size":0.2375662922859192,"orthographic":false}