{"cameraMode":{"drawMode":0,"name":"Shaded","section":"Shading Mode"},"sceneLighting":false,"audioPlay":false,"sceneViewState":{"showFog":true,"showMaterialUpdate":false,"showSkybox":true,"showFlares":true,"showImageEffects":true,"showParticleSystems":true},"in2DMode":false,"pivot":{"x":0.16138646006584168,"y":0.7971978187561035,"z":-0.10404646396636963},"rotation":{"x":-0.3332645893096924,"y":-0.284353107213974,"z":0.10616494715213776,"w":-0.8926404714584351},"size":1.0864999294281006,"orthographic":false}