{"cameraMode":{"drawMode":0,"name":"Shaded","section":"Shading Mode"},"sceneLighting":false,"audioPlay":false,"sceneViewState":{"showFog":true,"showMaterialUpdate":false,"showSkybox":true,"showFlares":true,"showImageEffects":true,"showParticleSystems":true},"in2DMode":false,"pivot":{"x":-0.16676536202430726,"y":0.27280324697494509,"z":-0.13740111887454987},"rotation":{"x":-0.28655096888542178,"y":-0.306947261095047,"z":0.09747825562953949,"w":-0.9023136496543884},"size":2.3500022888183595,"orthographic":false}