{"cameraMode":{"drawMode":0,"name":"Shaded","section":"Shading Mode"},"sceneLighting":false,"audioPlay":false,"sceneViewState":{"showFog":true,"showMaterialUpdate":false,"showSkybox":true,"showFlares":true,"showImageEffects":true,"showParticleSystems":true},"in2DMode":false,"pivot":{"x":0.8999999761581421,"y":0.10000000149011612,"z":-0.11100000143051148},"rotation":{"x":0.10250404477119446,"y":-0.06411312520503998,"z":0.006620754953473806,"w":0.9926422238349915},"size":2.971158266067505,"orthographic":false}