{"cameraMode":{"drawMode":0,"name":"Shaded","section":"Shading Mode"},"sceneLighting":false,"audioPlay":false,"sceneViewState":{"showFog":true,"showMaterialUpdate":false,"showSkybox":true,"showFlares":true,"showImageEffects":true,"showParticleSystems":true},"in2DMode":false,"pivot":{"x":-0.007388399913907051,"y":0.012628108263015747,"z":0.012041240930557251},"rotation":{"x":-0.20976229012012483,"y":0.13213025033473969,"z":-0.028619585558772088,"w":-0.9683606028556824},"size":0.15788394212722779,"orthographic":false}