{"cameraMode":{"drawMode":0,"name":"Shaded","section":"Shading Mode"},"sceneLighting":false,"audioPlay":false,"sceneViewState":{"showFog":true,"showMaterialUpdate":false,"showSkybox":true,"showFlares":true,"showImageEffects":true,"showParticleSystems":true},"in2DMode":false,"pivot":{"x":-0.46897056698799136,"y":0.77753746509552,"z":0.30389919877052309},"rotation":{"x":-0.19948315620422364,"y":-0.49586182832717898,"z":0.11819732189178467,"w":-0.8368733525276184},"size":1.3698227405548096,"orthographic":false}