{"cameraMode":{"drawMode":0,"name":"Shaded","section":"Shading Mode"},"sceneLighting":false,"audioPlay":false,"sceneViewState":{"showFog":true,"showMaterialUpdate":false,"showSkybox":true,"showFlares":true,"showImageEffects":true,"showParticleSystems":true},"in2DMode":false,"pivot":{"x":0.2298901081085205,"y":-0.0431746244430542,"z":-0.4578995704650879},"rotation":{"x":0.1641814112663269,"y":-0.5170166492462158,"z":0.10179335623979569,"w":0.833892285823822},"size":3.2873125076293947,"orthographic":false}