{"cameraMode":{"drawMode":0,"name":"Shaded","section":"Shading Mode"},"sceneLighting":true,"audioPlay":false,"sceneViewState":{"showFog":true,"showMaterialUpdate":false,"showSkybox":true,"showFlares":true,"showImageEffects":true,"showParticleSystems":true},"in2DMode":false,"pivot":{"x":521.85986328125,"y":185.013671875,"z":0.19561767578125},"rotation":{"x":-0.05097459629178047,"y":-0.011383099481463433,"z":0.000581050815526396,"w":-0.998634934425354},"size":561.3657836914063,"orthographic":false}