{"cameraMode":{"drawMode":0,"name":"Shaded","section":"Shading Mode"},"sceneLighting":false,"audioPlay":false,"sceneViewState":{"showFog":true,"showMaterialUpdate":false,"showSkybox":true,"showFlares":true,"showImageEffects":true,"showParticleSystems":true},"in2DMode":false,"pivot":{"x":-0.17881369590759278,"y":-0.1324077546596527,"z":0.031048178672790529},"rotation":{"x":-0.20806345343589784,"y":0.2398482710123062,"z":-0.052706312388181689,"w":-0.9467864632606506},"size":0.14165884256362916,"orthographic":false}