{"cameraMode":{"drawMode":0,"name":"Shaded","section":"Shading Mode"},"sceneLighting":false,"audioPlay":false,"sceneViewState":{"showFog":true,"showMaterialUpdate":false,"showSkybox":true,"showFlares":true,"showImageEffects":true,"showParticleSystems":true},"in2DMode":false,"pivot":{"x":-0.08009999990463257,"y":-0.07180465757846832,"z":-0.05242377892136574},"rotation":{"x":-0.09075094014406204,"y":0.22562679648399354,"z":-0.021114399656653405,"w":-0.9697479605674744},"size":22.0,"orthographic":false}