{"cameraMode":{"drawMode":0,"name":"Shaded","section":"Shading Mode"},"sceneLighting":false,"audioPlay":false,"sceneViewState":{"showFog":true,"showMaterialUpdate":false,"showSkybox":true,"showFlares":true,"showImageEffects":true,"showParticleSystems":true},"in2DMode":false,"pivot":{"x":-0.24088746309280396,"y":-0.08249247819185257,"z":0.36417055130004885},"rotation":{"x":-0.09075094014406204,"y":0.22562679648399354,"z":-0.021114399656653405,"w":-0.9697479605674744},"size":1.041658878326416,"orthographic":false}