{"cameraMode":{"drawMode":0,"name":"Shaded","section":"Shading Mode"},"sceneLighting":false,"audioPlay":false,"sceneViewState":{"showFog":true,"showMaterialUpdate":false,"showSkybox":true,"showFlares":true,"showImageEffects":true,"showParticleSystems":true},"in2DMode":false,"pivot":{"x":-0.9897556304931641,"y":9.003725051879883,"z":4.212751388549805},"rotation":{"x":-0.024201594293117524,"y":0.9754584431648254,"z":-0.16725540161132813,"w":-0.1411411017179489},"size":11.945953369140625,"orthographic":false}