{"cameraMode":{"drawMode":0,"name":"Shaded","section":"Shading Mode"},"sceneLighting":false,"audioPlay":false,"sceneViewState":{"showFog":true,"showMaterialUpdate":false,"showSkybox":true,"showFlares":true,"showImageEffects":true,"showParticleSystems":true},"in2DMode":false,"pivot":{"x":-0.1253952980041504,"y":-0.05597952753305435,"z":0.11994920670986176},"rotation":{"x":-0.3152647614479065,"y":0.03784911334514618,"z":-0.012584959156811238,"w":-0.9481651782989502},"size":0.945234477519989,"orthographic":false}